game_date,release_speed,release_pos_x,release_pos_z,player_name,batter,pitcher,events,description,zone,stand,p_throws,home_team,away_team,type,hit_location,bb_type,balls,strikes,plate_x,plate_z,on_3b,on_2b,on_1b,outs_when_up,inning,inning_topbot,sz_top,sz_bot,hit_distance_sc,launch_speed,launch_angle,effective_speed,release_spin_rate,at_bat_number,pitch_number,pitch_name,home_score,away_score,bat_score,fld_score
2024-03-20,89.8,-1.98,6,"Glasnow, Tyler",665487,607192,field_out,hit_into_play,5,R,R,SD,LAD,X,6,ground_ball,0,1,0.08,3.02,NA,NA,NA,2,5,Bot,3.71,1.76,12,106.7,-14,90.3,2708,43,2,Slider,2,1,2,1
2024-03-20,91.4,-2,5.99,"Glasnow, Tyler",665487,607192,NA,swinging_strike,14,R,R,SD,LAD,S,NA,NA,0,0,0.97,1.8,NA,NA,NA,2,5,Bot,3.71,1.76,NA,NA,NA,91.8,2731,43,1,Slider,2,1,2,1
2024-03-20,95.7,-1.73,6.02,"Glasnow, Tyler",593428,607192,field_out,hit_into_play,2,R,R,SD,LAD,X,8,fly_ball,3,2,0.09,3.45,NA,NA,NA,1,5,Bot,3.46,1.58,258,78.8,40,96.7,2325,42,6,4-Seam Fastball,2,1,2,1
2024-03-20,94.8,-1.55,6.05,"Glasnow, Tyler",593428,607192,NA,ball,12,R,R,SD,LAD,B,NA,NA,2,2,0,4.51,NA,NA,NA,1,5,Bot,3.46,1.58,NA,NA,NA,96.2,2368,42,5,4-Seam Fastball,2,1,2,1
2024-03-20,84.7,-1.54,6.16,"Glasnow, Tyler",593428,607192,NA,ball,14,R,R,SD,LAD,B,NA,NA,1,2,1.11,-0.06,NA,NA,NA,1,5,Bot,3.46,1.58,NA,NA,NA,84.3,2860,42,4,Curveball,2,1,2,1
2024-03-20,87.3,-2.01,5.77,"Darvish, Yu",518792,506433,sac_fly,hit_into_play,6,L,R,SD,LAD,X,9,fly_ball,1,2,0.36,2.47,606192,NA,NA,1,4,Top,3.59,1.72,312,85.2,32,85.9,2679,29,4,Slider,1,0,0,1
2024-03-20,84.8,-1.56,6.3,"Glasnow, Tyler",593428,607192,NA,ball,14,R,R,SD,LAD,B,NA,NA,0,2,1.43,-0.79,NA,NA,NA,1,5,Bot,3.46,1.58,NA,NA,NA,83.9,2818,42,3,Curveball,2,1,2,1
2024-03-20,88.6,-1.99,5.68,"Darvish, Yu",518792,506433,NA,foul,1,L,R,SD,LAD,S,NA,NA,1,1,-0.45,3.5,606192,NA,NA,1,4,Top,3.59,1.72,NA,99.4,27,NA,1280,29,3,Split-Finger,1,0,0,1
2024-03-20,84.4,-1.58,6.24,"Glasnow, Tyler",593428,607192,NA,swinging_strike,14,R,R,SD,LAD,S,NA,NA,0,1,0.52,0.69,NA,NA,NA,1,5,Bot,3.46,1.58,NA,NA,NA,83.8,2698,42,2,Curveball,2,1,2,1
2024-03-20,95.5,-1.64,6.12,"Glasnow, Tyler",593428,607192,NA,called_strike,2,R,R,SD,LAD,S,NA,NA,0,0,-0.18,3.19,NA,NA,NA,1,5,Bot,3.46,1.58,NA,NA,NA,97,2498,42,1,4-Seam Fastball,2,1,2,1
2024-03-20,85.3,-2.1,5.7,"Darvish, Yu",518792,506433,NA,foul,14,L,R,SD,LAD,S,NA,NA,1,0,0.25,1.58,606192,NA,NA,1,4,Top,3.59,1.72,248,89.8,50,84,2751,29,2,Slider,1,0,0,1
2024-03-20,94.4,-1.88,6.01,"Glasnow, Tyler",701538,607192,field_out,hit_into_play,6,L,R,SD,LAD,X,6,popup,1,1,0.77,2.49,NA,NA,NA,0,5,Bot,3.49,1.6,NA,98,62,NA,2363,41,3,4-Seam Fastball,2,1,2,1
2024-03-20,84.5,-2.13,5.76,"Darvish, Yu",518792,506433,NA,ball,14,L,R,SD,LAD,B,NA,NA,0,0,1.15,1.91,606192,NA,NA,1,4,Top,3.59,1.72,NA,NA,NA,83.3,2722,29,1,Slider,1,0,0,1
2024-03-20,89.4,-2.14,5.97,"Glasnow, Tyler",701538,607192,NA,foul,14,L,R,SD,LAD,S,NA,NA,1,0,0.85,2.33,NA,NA,NA,0,5,Bot,3.49,1.6,353,106,23,90.4,2678,41,2,Slider,2,1,2,1
2024-03-20,93.9,-1.93,5.79,"Darvish, Yu",681546,506433,field_out,hit_into_play,5,L,R,SD,LAD,X,3,ground_ball,0,1,-0.06,2.77,NA,606192,NA,0,4,Top,3.41,1.66,112,105.6,5,93.3,2366,28,2,4-Seam Fastball,1,0,0,1
2024-03-20,95.2,-1.91,5.95,"Glasnow, Tyler",701538,607192,NA,ball,14,L,R,SD,LAD,B,NA,NA,0,0,0.28,1.15,NA,NA,NA,0,5,Bot,3.49,1.6,NA,NA,NA,96.3,2606,41,1,4-Seam Fastball,2,1,2,1
2024-03-20,73.9,-1.81,5.73,"Darvish, Yu",681546,506433,NA,foul,9,L,R,SD,LAD,S,NA,NA,0,0,0.53,1.77,NA,606192,NA,0,4,Top,3.41,1.66,NA,NA,NA,72.2,2651,28,1,Curveball,1,0,0,1
2024-03-20,91.5,-2.07,5.96,"Glasnow, Tyler",642180,607192,strikeout,swinging_strike_blocked,14,L,R,SD,LAD,S,2,NA,1,2,0.97,0.48,673490,NA,NA,2,4,Bot,3.28,1.49,NA,NA,NA,91.6,2932,35,4,Slider,2,1,2,1
2024-03-20,90.4,-2.09,5.67,"Darvish, Yu",606192,506433,field_error,hit_into_play,4,R,R,SD,LAD,X,5,ground_ball,0,1,-0.45,2.79,NA,NA,NA,0,4,Top,3.42,1.59,2,64,-48,89.5,2197,27,2,Sinker,1,0,0,1
2024-03-20,91.1,-2.15,5.9,"Glasnow, Tyler",642180,607192,NA,swinging_strike,14,L,R,SD,LAD,S,NA,NA,1,1,0.92,2.05,673490,NA,NA,2,4,Bot,3.28,1.49,NA,NA,NA,92.1,2664,35,3,Slider,2,1,2,1
2024-03-20,83.9,-1.99,5.81,"Darvish, Yu",606192,506433,NA,called_strike,6,R,R,SD,LAD,S,NA,NA,0,0,0.53,2.45,NA,NA,NA,0,4,Top,3.42,1.59,NA,NA,NA,82.6,2657,27,1,Slider,1,0,0,1
2024-03-20,96.5,-2.03,5.97,"Glasnow, Tyler",642180,607192,NA,ball,11,L,R,SD,LAD,B,NA,NA,0,1,-0.4,3.62,673490,NA,NA,2,4,Bot,3.28,1.49,NA,NA,NA,97.9,2636,35,2,4-Seam Fastball,2,1,2,1
2024-03-20,93.7,-2.28,5.46,"Darvish, Yu",571970,506433,strikeout,swinging_strike,1,L,R,SD,LAD,S,2,NA,3,2,-0.44,2.96,660271,518692,669257,2,3,Top,3.15,1.57,NA,NA,NA,92.7,2195,21,7,Sinker,0,0,0,0
2024-03-20,96.8,-1.95,5.97,"Glasnow, Tyler",642180,607192,NA,swinging_strike,14,L,R,SD,LAD,S,NA,NA,0,0,0.86,1.97,673490,NA,NA,2,4,Bot,3.28,1.49,NA,NA,NA,98.1,2624,35,1,4-Seam Fastball,2,1,2,1
2024-03-20,79.6,-2.2,5.48,"Darvish, Yu",571970,506433,NA,ball,13,L,R,SD,LAD,B,NA,NA,2,2,-1.5,2.31,660271,518692,669257,2,3,Top,3.15,1.57,NA,NA,NA,77.3,2752,21,6,Sweeper,0,0,0,0
2024-03-20,91.8,-1.97,5.99,"Glasnow, Tyler",669134,607192,grounded_into_double_play,hit_into_play,6,R,R,SD,LAD,X,6,ground_ball,0,2,0.63,2.18,592518,673490,595777,0,4,Bot,3.38,1.58,10,74.8,-13,92.3,2687,34,3,Slider,1,1,1,1
2024-03-20,91.2,-2.12,5.66,"Darvish, Yu",571970,506433,NA,ball,14,L,R,SD,LAD,B,NA,NA,1,2,1.27,2.16,660271,518692,669257,2,3,Top,3.15,1.57,NA,NA,NA,90.1,2419,21,5,Cutter,0,0,0,0
2024-03-20,90.2,-2.18,5.89,"Glasnow, Tyler",669134,607192,NA,foul,5,R,R,SD,LAD,S,NA,NA,0,1,0.2,2.55,592518,673490,595777,0,4,Bot,3.38,1.58,NA,92.4,43,NA,2640,34,2,Slider,1,1,1,1
2024-03-20,77.8,-1.92,5.64,"Darvish, Yu",571970,506433,NA,foul,1,L,R,SD,LAD,S,NA,NA,1,2,-0.29,2.96,660271,518692,669257,2,3,Top,3.15,1.57,NA,NA,NA,75.9,2713,21,4,Knuckle Curve,0,0,0,0
2024-03-20,94.5,-2,5.96,"Glasnow, Tyler",669134,607192,NA,called_strike,9,R,R,SD,LAD,S,NA,NA,0,0,0.28,2.04,592518,673490,595777,0,4,Bot,3.38,1.58,NA,NA,NA,96.3,2381,34,1,4-Seam Fastball,1,1,1,1
2024-03-20,94.6,-2.19,5.64,"Darvish, Yu",571970,506433,NA,foul,2,L,R,SD,LAD,S,NA,NA,1,1,-0.05,2.9,660271,518692,669257,2,3,Top,3.15,1.57,NA,75.4,27,NA,2395,21,3,4-Seam Fastball,0,0,0,0
2024-03-20,95.5,-1.95,5.85,"Glasnow, Tyler",595777,607192,single,hit_into_play,6,L,R,SD,LAD,X,1,ground_ball,0,0,0.33,2.61,NA,592518,673490,0,4,Bot,3.29,1.61,3,33.4,-46,97.1,2280,33,1,4-Seam Fastball,1,1,1,1
2024-03-20,74.7,-1.75,5.64,"Darvish, Yu",571970,506433,NA,swinging_strike,9,L,R,SD,LAD,S,NA,NA,1,0,0.45,1.71,660271,518692,669257,2,3,Top,3.15,1.57,NA,NA,NA,73.3,2681,21,2,Curveball,0,0,0,0
2024-03-20,90,-2.23,5.91,"Glasnow, Tyler",673490,607192,walk,ball,11,R,R,SD,LAD,B,NA,NA,3,2,-0.18,4,NA,NA,592518,0,4,Bot,3.36,1.54,NA,NA,NA,91.5,2692,32,6,Slider,1,1,1,1
2024-03-20,73.5,-1.83,5.64,"Darvish, Yu",571970,506433,NA,ball,11,L,R,SD,LAD,B,NA,NA,0,0,-1.16,3.12,660271,518692,669257,2,3,Top,3.15,1.57,NA,NA,NA,71.9,2666,21,1,Curveball,0,0,0,0
2024-03-20,96.3,-1.82,5.89,"Glasnow, Tyler",673490,607192,NA,ball,14,R,R,SD,LAD,B,NA,NA,2,2,0.55,1.03,NA,NA,592518,0,4,Bot,3.36,1.54,NA,NA,NA,97.1,2286,32,5,Sinker,1,1,1,1
2024-03-20,83,-2.08,5.59,"Darvish, Yu",669257,506433,walk,blocked_ball,14,R,R,SD,LAD,B,NA,NA,3,2,0.86,0.52,NA,660271,518692,2,3,Top,3.32,1.55,NA,NA,NA,81.3,2876,20,7,Sweeper,0,0,0,0
2024-03-20,93.5,-2.29,5.53,"Darvish, Yu",669257,506433,NA,ball,11,R,R,SD,LAD,B,NA,NA,2,2,-0.43,4.45,NA,660271,518692,2,3,Top,3.32,1.55,NA,NA,NA,92.1,2398,20,6,Sinker,0,0,0,0
2024-03-20,89.8,-2.21,5.9,"Glasnow, Tyler",673490,607192,NA,called_strike,14,R,R,SD,LAD,S,NA,NA,2,1,0.86,2.45,NA,NA,592518,0,4,Bot,3.36,1.54,NA,NA,NA,90.3,2633,32,4,Slider,1,1,1,1
2024-03-20,83.4,-2.16,5.58,"Darvish, Yu",669257,506433,NA,foul,9,R,R,SD,LAD,S,NA,NA,2,2,0.32,1.87,NA,660271,518692,2,3,Top,3.32,1.55,NA,65.5,43,NA,2814,20,5,Sweeper,0,0,0,0
2024-03-20,89.4,-2.31,5.9,"Glasnow, Tyler",673490,607192,NA,called_strike,2,R,R,SD,LAD,S,NA,NA,2,0,-0.09,2.86,NA,NA,592518,0,4,Bot,3.36,1.54,NA,NA,NA,90.3,2609,32,3,Slider,1,1,1,1
2024-03-20,81.1,-2.07,5.57,"Darvish, Yu",669257,506433,NA,foul,8,R,R,SD,LAD,S,NA,NA,2,1,0.15,1.55,NA,660271,518692,2,3,Top,3.32,1.55,NA,63.4,37,NA,2867,20,4,Sweeper,0,0,0,0
2024-03-20,96.1,-1.93,5.96,"Glasnow, Tyler",673490,607192,NA,ball,11,R,R,SD,LAD,B,NA,NA,1,0,-0.38,3.67,NA,NA,592518,0,4,Bot,3.36,1.54,NA,NA,NA,97.6,2620,32,2,4-Seam Fastball,1,1,1,1
2024-03-20,95.9,-1.73,5.86,"Glasnow, Tyler",673490,607192,NA,ball,14,R,R,SD,LAD,B,NA,NA,0,0,0.81,0.83,NA,NA,592518,0,4,Bot,3.36,1.54,NA,NA,NA,97.3,2512,32,1,Sinker,1,1,1,1
2024-03-20,94.2,-1.92,5.55,"Darvish, Yu",669257,506433,NA,ball,14,R,R,SD,LAD,B,NA,NA,1,1,1.38,1.74,NA,660271,518692,2,3,Top,3.32,1.55,NA,NA,NA,93.4,2492,20,3,4-Seam Fastball,0,0,0,0
2024-03-20,94.7,-1.87,5.99,"Glasnow, Tyler",592518,607192,walk,ball,3,R,R,SD,LAD,B,NA,NA,3,0,0.51,3.51,NA,NA,NA,0,4,Bot,3.65,1.7,NA,NA,NA,95.9,2576,31,4,4-Seam Fastball,1,1,1,1
2024-03-20,85.9,-1.94,5.68,"Darvish, Yu",669257,506433,NA,called_strike,6,R,R,SD,LAD,S,NA,NA,1,0,0.35,2.53,NA,660271,518692,2,3,Top,3.32,1.55,NA,NA,NA,85,2911,20,2,Slider,0,0,0,0
2024-03-20,89.2,-2.09,5.92,"Glasnow, Tyler",592518,607192,NA,ball,3,R,R,SD,LAD,B,NA,NA,2,0,0.62,3.74,NA,NA,NA,0,4,Bot,3.65,1.7,NA,NA,NA,90.3,2690,31,3,Slider,1,1,1,1
2024-03-20,89.5,-2.09,5.63,"Darvish, Yu",669257,506433,NA,ball,14,R,R,SD,LAD,B,NA,NA,0,0,1.11,1.88,NA,660271,518692,2,3,Top,3.32,1.55,NA,NA,NA,88.2,2664,20,1,Cutter,0,0,0,0
2024-03-20,72.2,-1.78,5.57,"Darvish, Yu",518692,506433,walk,ball,1,L,R,SD,LAD,B,NA,NA,3,2,-0.52,3.64,NA,660271,NA,2,3,Top,3.63,1.83,NA,NA,NA,70.2,2729,19,7,Curveball,0,0,0,0
2024-03-20,89.9,-2.17,5.9,"Glasnow, Tyler",592518,607192,NA,ball,14,R,R,SD,LAD,B,NA,NA,1,0,1.05,2,NA,NA,NA,0,4,Bot,3.65,1.7,NA,NA,NA,90.5,2643,31,2,Slider,1,1,1,1
2024-03-20,88.5,-2.16,5.52,"Darvish, Yu",518692,506433,NA,ball,11,L,R,SD,LAD,B,NA,NA,2,2,-1.6,3.91,NA,660271,NA,2,3,Top,3.63,1.83,NA,NA,NA,88.1,1195,19,6,Split-Finger,0,0,0,0
2024-03-20,95.1,-1.67,6.05,"Glasnow, Tyler",592518,607192,NA,ball,11,R,R,SD,LAD,B,NA,NA,0,0,-0.71,4.34,NA,NA,NA,0,4,Bot,3.65,1.7,NA,NA,NA,96.3,2404,31,1,4-Seam Fastball,1,1,1,1
2024-03-20,94.6,-2.18,5.44,"Darvish, Yu",518692,506433,NA,foul,8,L,R,SD,LAD,S,NA,NA,2,2,-0.12,2.14,NA,660271,NA,2,3,Top,3.63,1.83,148,84.5,14,93.9,2263,19,5,Sinker,0,0,0,0
2024-03-20,97.8,-1.89,6.01,"Glasnow, Tyler",630105,607192,field_out,hit_into_play,14,L,R,SD,LAD,X,3,ground_ball,0,0,0.96,2.22,NA,NA,593428,2,3,Bot,3.26,1.55,21,56.6,-3,98.6,2659,26,1,4-Seam Fastball,1,0,1,0
2024-03-20,91.3,-1.87,5.99,"Glasnow, Tyler",665487,607192,strikeout,swinging_strike,14,R,R,SD,LAD,S,2,NA,1,2,1.02,1.56,NA,NA,593428,1,3,Bot,3.71,1.76,NA,NA,NA,92,2782,25,4,Slider,1,0,1,0
2024-03-20,70.1,-1.64,5.54,"Darvish, Yu",518692,506433,NA,blocked_ball,13,L,R,SD,LAD,B,NA,NA,1,2,-0.58,0.58,NA,660271,NA,2,3,Top,3.63,1.83,NA,NA,NA,68.8,2540,19,4,Curveball,0,0,0,0
2024-03-20,NA,NA,NA,"Darvish, Yu",518692,506433,NA,swinging_strike,NA,L,R,SD,LAD,S,NA,NA,1,1,NA,NA,NA,660271,NA,2,3,Top,NA,NA,NA,NA,NA,NA,NA,19,3,NA,0,0,0,0
2024-03-20,90.4,-2.04,5.87,"Glasnow, Tyler",665487,607192,NA,swinging_strike,6,R,R,SD,LAD,S,NA,NA,1,1,0.51,2.74,NA,NA,593428,1,3,Bot,3.71,1.76,NA,NA,NA,90.8,2778,25,3,Slider,1,0,1,0
2024-03-20,91.8,-2.06,5.97,"Glasnow, Tyler",665487,607192,NA,swinging_strike,9,R,R,SD,LAD,S,NA,NA,1,0,0.68,1.76,NA,NA,593428,1,3,Bot,3.71,1.76,NA,NA,NA,92.7,2677,25,2,Slider,1,0,1,0
2024-03-20,73.1,-1.7,5.67,"Darvish, Yu",518692,506433,NA,called_strike,4,L,R,SD,LAD,S,NA,NA,1,0,-0.65,2.97,NA,660271,NA,2,3,Top,3.63,1.83,NA,NA,NA,71.8,2615,19,2,Curveball,0,0,0,0
2024-03-20,90.5,-2.15,5.64,"Darvish, Yu",518692,506433,NA,ball,11,L,R,SD,LAD,B,NA,NA,0,0,-0.85,4.13,NA,NA,660271,2,3,Top,3.63,1.83,NA,NA,NA,89.4,2575,19,1,Cutter,0,0,0,0
2024-03-20,97.6,-1.7,6,"Glasnow, Tyler",665487,607192,NA,ball,14,R,R,SD,LAD,B,NA,NA,0,0,0.82,1.06,NA,NA,593428,1,3,Bot,3.71,1.76,NA,NA,NA,99,2583,25,1,4-Seam Fastball,1,0,1,0
2024-03-20,91.7,-2.14,5.95,"Glasnow, Tyler",593428,607192,single,hit_into_play,14,R,R,SD,LAD,X,8,line_drive,0,1,0.48,1.34,642180,NA,NA,1,3,Bot,3.46,1.58,201,71.5,20,92.3,2759,24,2,Slider,0,0,0,0
2024-03-20,94.7,-2.21,5.6,"Darvish, Yu",660271,506433,single,hit_into_play,11,L,R,SD,LAD,X,9,line_drive,2,2,-0.47,3.6,NA,NA,NA,2,3,Top,3.48,1.61,220,112.3,11,93.6,2322,18,5,Sinker,0,0,0,0
2024-03-20,90.7,-2.2,6.02,"Glasnow, Tyler",593428,607192,NA,swinging_strike,2,R,R,SD,LAD,S,NA,NA,0,0,-0.03,3.52,642180,NA,NA,1,3,Bot,3.46,1.58,NA,NA,NA,91,2585,24,1,Slider,0,0,0,0
2024-03-20,84.5,-2.07,5.71,"Darvish, Yu",660271,506433,NA,ball,11,L,R,SD,LAD,B,NA,NA,1,2,-1.16,2.96,NA,NA,NA,2,3,Top,3.48,1.61,NA,NA,NA,82.6,2880,18,4,Sweeper,0,0,0,0
2024-03-20,91.6,-2.05,5.69,"Darvish, Yu",660271,506433,NA,foul,12,L,R,SD,LAD,S,NA,NA,1,1,0.97,2.72,NA,NA,NA,2,3,Top,3.48,1.61,NA,119.2,34,NA,2620,18,3,Cutter,0,0,0,0
2024-03-20,96.1,-1.81,6.03,"Glasnow, Tyler",701538,607192,field_out,hit_into_play,2,L,R,SD,LAD,X,8,line_drive,1,2,0.26,3.06,NA,642180,NA,0,3,Bot,3.49,1.6,352,105.7,18,98.4,2427,23,6,4-Seam Fastball,0,0,0,0
2024-03-20,91,-2.13,5.59,"Darvish, Yu",660271,506433,NA,ball,14,L,R,SD,LAD,B,NA,NA,0,1,0.33,0.95,NA,NA,NA,2,3,Top,3.48,1.61,NA,NA,NA,89.6,1828,18,2,Split-Finger,0,0,0,0
2024-03-20,95.2,-1.75,6.01,"Glasnow, Tyler",701538,607192,NA,foul,12,L,R,SD,LAD,S,NA,NA,1,2,1.1,3.68,NA,642180,NA,0,3,Bot,3.49,1.6,119,69.2,16,97.1,2365,23,5,4-Seam Fastball,0,0,0,0
2024-03-20,87.2,-1.7,6.17,"Glasnow, Tyler",701538,607192,NA,ball,14,L,R,SD,LAD,B,NA,NA,0,2,1.26,-2.86,NA,NA,642180,0,3,Bot,3.49,1.6,NA,NA,NA,86.9,2848,23,4,Curveball,0,0,0,0
2024-03-20,95.5,-1.99,5.67,"Darvish, Yu",660271,506433,NA,foul,14,L,R,SD,LAD,S,NA,NA,0,0,0.95,2.43,NA,NA,NA,2,3,Top,3.48,1.61,NA,NA,NA,95.5,2348,18,1,4-Seam Fastball,0,0,0,0
2024-03-20,85.1,-1.8,6.2,"Glasnow, Tyler",701538,607192,NA,foul,14,L,R,SD,LAD,S,NA,NA,0,2,0.73,0.99,NA,NA,642180,0,3,Bot,3.49,1.6,6,98.7,-11,85,2748,23,3,Curveball,0,0,0,0
2024-03-20,82.7,-2.12,5.66,"Darvish, Yu",605141,506433,field_out,hit_into_play,2,R,R,SD,LAD,X,7,fly_ball,3,2,0.05,2.69,NA,NA,NA,1,3,Top,3.11,1.5,269,85.4,46,81,2778,17,6,Sweeper,0,0,0,0
2024-03-20,96.7,-1.89,6.01,"Glasnow, Tyler",701538,607192,NA,foul,5,L,R,SD,LAD,S,NA,NA,0,1,0.03,2.89,NA,NA,642180,0,3,Bot,3.49,1.6,NA,80.4,51,NA,2554,23,2,4-Seam Fastball,0,0,0,0
2024-03-20,95.8,-1.99,5.75,"Darvish, Yu",605141,506433,NA,ball,13,R,R,SD,LAD,B,NA,NA,2,2,-0.17,1.37,NA,NA,NA,1,3,Top,3.11,1.5,NA,NA,NA,94.6,2426,17,5,4-Seam Fastball,0,0,0,0
2024-03-20,96.2,-1.91,5.92,"Glasnow, Tyler",701538,607192,NA,swinging_strike,8,L,R,SD,LAD,S,NA,NA,0,0,0.1,1.89,NA,NA,642180,0,3,Bot,3.49,1.6,NA,NA,NA,97.3,2528,23,1,4-Seam Fastball,0,0,0,0
2024-03-20,87.2,-2.05,5.8,"Darvish, Yu",605141,506433,NA,foul,5,R,R,SD,LAD,S,NA,NA,2,1,-0.02,2.37,NA,NA,NA,1,3,Top,3.11,1.5,140,69.5,62,86.2,2759,17,4,Slider,0,0,0,0
2024-03-20,92.9,-2,5.75,"Darvish, Yu",605141,506433,NA,called_strike,2,R,R,SD,LAD,S,NA,NA,2,0,0.1,3.22,NA,NA,NA,1,3,Top,3.11,1.5,NA,NA,NA,91.8,2298,17,3,4-Seam Fastball,0,0,0,0
2024-03-20,96.5,-1.85,6.02,"Glasnow, Tyler",642180,607192,walk,ball,14,L,R,SD,LAD,B,NA,NA,3,2,1.37,1.88,NA,NA,NA,0,3,Bot,3.28,1.49,NA,NA,NA,97.8,2515,22,9,4-Seam Fastball,0,0,0,0
2024-03-20,96.7,-1.84,5.92,"Glasnow, Tyler",642180,607192,NA,foul,3,L,R,SD,LAD,S,NA,NA,3,2,0.42,3.03,NA,NA,NA,0,3,Bot,3.28,1.49,NA,65.7,53,NA,2451,22,8,4-Seam Fastball,0,0,0,0
2024-03-20,93.5,-2.14,5.64,"Darvish, Yu",605141,506433,NA,ball,11,R,R,SD,LAD,B,NA,NA,1,0,-0.99,3.39,NA,NA,NA,1,3,Top,3.11,1.5,NA,NA,NA,92.6,2292,17,2,Sinker,0,0,0,0
2024-03-20,97.2,-1.86,6.11,"Glasnow, Tyler",642180,607192,NA,ball,12,L,R,SD,LAD,B,NA,NA,2,2,0.96,4.17,NA,NA,NA,0,3,Bot,3.28,1.49,NA,NA,NA,98.8,2436,22,7,4-Seam Fastball,0,0,0,0
2024-03-20,87.3,-1.97,5.84,"Darvish, Yu",605141,506433,NA,ball,14,R,R,SD,LAD,B,NA,NA,0,0,0.47,0.93,NA,NA,NA,1,3,Top,3.11,1.5,NA,NA,NA,85.8,2860,17,1,Slider,0,0,0,0
2024-03-20,86.4,-2.02,5.82,"Darvish, Yu",666158,506433,field_out,hit_into_play,8,L,R,SD,LAD,X,3,ground_ball,0,1,0.2,2.16,NA,NA,NA,0,3,Top,3.35,1.63,NA,82.9,-21,84.9,2769,16,2,Slider,0,0,0,0
2024-03-20,91.4,-2.17,5.95,"Glasnow, Tyler",642180,607192,NA,foul,6,L,R,SD,LAD,S,NA,NA,2,2,0.51,2.59,NA,NA,NA,0,3,Bot,3.28,1.49,NA,67.1,37,NA,2707,22,6,Slider,0,0,0,0
2024-03-20,84.9,-2.01,5.84,"Darvish, Yu",666158,506433,NA,called_strike,5,L,R,SD,LAD,S,NA,NA,0,0,0.09,2.41,NA,NA,NA,0,3,Top,3.35,1.63,NA,NA,NA,82.9,2699,16,1,Slider,0,0,0,0
2024-03-20,90.9,-2.04,5.99,"Glasnow, Tyler",642180,607192,NA,ball,14,L,R,SD,LAD,B,NA,NA,1,2,1.56,1.46,NA,NA,NA,0,3,Bot,3.28,1.49,NA,NA,NA,91.3,2680,22,5,Slider,0,0,0,0
2024-03-20,94.6,-2.1,5.64,"Darvish, Yu",518792,506433,field_out,hit_into_play,5,L,R,SD,LAD,X,5,popup,0,0,0.15,2.82,NA,571970,NA,2,2,Top,3.59,1.72,131,77.7,69,93.6,2368,11,1,4-Seam Fastball,0,0,0,0
2024-03-20,96.8,-1.72,6.11,"Glasnow, Tyler",642180,607192,NA,foul,2,L,R,SD,LAD,S,NA,NA,1,2,-0.19,3.14,NA,NA,NA,0,3,Bot,3.28,1.49,246,83.2,24,99,2621,22,4,4-Seam Fastball,0,0,0,0
2024-03-20,82.5,-1.95,6.15,"Glasnow, Tyler",642180,607192,NA,foul,14,L,R,SD,LAD,S,NA,NA,1,1,0.32,1.25,NA,NA,NA,0,3,Bot,3.28,1.49,NA,NA,NA,82.2,2608,22,3,Curveball,0,0,0,0
2024-03-20,94,-2.11,5.72,"Darvish, Yu",681546,506433,field_out,hit_into_play,2,L,R,SD,LAD,X,9,fly_ball,0,1,0.04,3.46,NA,571970,NA,1,2,Top,3.41,1.66,232,100.6,53,92.5,2322,10,2,4-Seam Fastball,0,0,0,0
2024-03-20,83.7,-1.83,6.16,"Glasnow, Tyler",642180,607192,NA,ball,14,L,R,SD,LAD,B,NA,NA,0,1,0.58,0.97,NA,NA,NA,0,3,Bot,3.28,1.49,NA,NA,NA,83.4,2736,22,2,Curveball,0,0,0,0
2024-03-20,74,-1.85,5.68,"Darvish, Yu",681546,506433,NA,called_strike,4,L,R,SD,LAD,S,NA,NA,0,0,-0.46,2.83,NA,571970,NA,1,2,Top,3.41,1.66,NA,NA,NA,72.3,2484,10,1,Curveball,0,0,0,0
2024-03-20,95.2,-1.91,6,"Glasnow, Tyler",642180,607192,NA,called_strike,4,L,R,SD,LAD,S,NA,NA,0,0,-0.56,2.11,NA,NA,NA,0,3,Bot,3.28,1.49,NA,NA,NA,96.8,2374,22,1,4-Seam Fastball,0,0,0,0
2024-03-20,83.4,-2.12,5.69,"Darvish, Yu",606192,506433,strikeout,swinging_strike,11,R,R,SD,LAD,S,2,NA,3,2,-0.27,3.59,NA,571970,NA,0,2,Top,3.42,1.59,NA,NA,NA,81.4,2668,9,7,Sweeper,0,0,0,0
2024-03-20,96.8,-1.78,6.04,"Glasnow, Tyler",669134,607192,force_out,hit_into_play,5,R,R,SD,LAD,X,6,ground_ball,0,0,-0.18,2.53,NA,NA,595777,2,2,Bot,3.38,1.58,104,110.1,5,98.7,2407,15,1,4-Seam Fastball,0,0,0,0
2024-03-20,93.4,-2.21,5.5,"Darvish, Yu",606192,506433,NA,foul,4,R,R,SD,LAD,S,NA,NA,3,2,-0.59,2.3,NA,571970,NA,0,2,Top,3.42,1.59,NA,NA,NA,92.8,2341,9,6,Sinker,0,0,0,0
2024-03-20,96.4,-0.33,5.86,"Estrada, Jeremiah",666158,669093,field_out,hit_into_play,5,L,R,SD,LAD,X,8,line_drive,2,1,0.11,2.66,669257,571970,571771,2,9,Top,3.35,1.63,297,103.6,14,95.8,2196,76,4,4-Seam Fastball,2,5,5,2
2024-03-20,84.7,-2.08,5.64,"Darvish, Yu",606192,506433,NA,blocked_ball,14,R,R,SD,LAD,B,NA,NA,2,2,1.79,0.06,NA,571970,NA,0,2,Top,3.42,1.59,NA,NA,NA,82.8,2922,9,5,Sweeper,0,0,0,0
2024-03-20,98.1,-1.8,6.07,"Glasnow, Tyler",595777,607192,walk,ball,9,L,R,SD,LAD,B,NA,NA,3,2,0.56,1.78,NA,NA,NA,2,2,Bot,3.29,1.61,NA,NA,NA,99.5,2560,14,6,4-Seam Fastball,0,0,0,0
2024-03-20,96,-0.4,5.75,"Estrada, Jeremiah",666158,669093,NA,foul,5,L,R,SD,LAD,S,NA,NA,2,0,-0.05,2.6,669257,571970,571771,2,9,Top,3.35,1.63,NA,71.6,56,NA,2309,76,3,4-Seam Fastball,2,5,5,2
2024-03-20,94.6,-0.61,5.81,"Estrada, Jeremiah",666158,669093,NA,ball,12,L,R,SD,LAD,B,NA,NA,1,0,0.99,3.66,669257,571970,571771,2,9,Top,3.35,1.63,NA,NA,NA,93.2,2192,76,2,4-Seam Fastball,2,5,5,2
2024-03-20,97.3,-1.86,6.03,"Glasnow, Tyler",595777,607192,NA,swinging_strike,2,L,R,SD,LAD,S,NA,NA,3,1,-0.17,3,NA,NA,NA,2,2,Bot,3.29,1.61,NA,NA,NA,99.1,2516,14,5,4-Seam Fastball,0,0,0,0
2024-03-20,84.7,-2.15,5.64,"Darvish, Yu",606192,506433,NA,ball,14,R,R,SD,LAD,B,NA,NA,1,2,0.98,0.89,NA,571970,NA,0,2,Top,3.42,1.59,NA,NA,NA,82.6,2879,9,4,Sweeper,0,0,0,0
2024-03-20,94,-2.17,5.54,"Darvish, Yu",606192,506433,NA,foul,4,R,R,SD,LAD,S,NA,NA,1,1,-0.46,2.66,NA,571970,NA,0,2,Top,3.42,1.59,NA,NA,NA,92.8,2289,9,3,Sinker,0,0,0,0
2024-03-20,88.5,-0.66,5.62,"Estrada, Jeremiah",666158,669093,NA,blocked_ball,14,L,R,SD,LAD,B,NA,NA,0,0,1.07,0.51,669257,571970,571771,2,9,Top,3.35,1.63,NA,NA,NA,88,2222,76,1,Slider,2,5,5,2
2024-03-20,96.8,-1.84,6.05,"Glasnow, Tyler",595777,607192,NA,ball,12,L,R,SD,LAD,B,NA,NA,2,1,0.72,3.56,NA,NA,NA,2,2,Bot,3.29,1.61,NA,NA,NA,98.2,2504,14,4,4-Seam Fastball,0,0,0,0
2024-03-20,85.9,-2.07,5.73,"Darvish, Yu",606192,506433,NA,ball,14,R,R,SD,LAD,B,NA,NA,0,1,1.85,-0.15,NA,NA,571970,0,2,Top,3.42,1.59,NA,NA,NA,84.7,2877,9,2,Slider,0,0,0,0
2024-03-20,97.1,-0.42,5.82,"Estrada, Jeremiah",571771,669093,walk,ball,14,R,R,SD,LAD,B,NA,NA,3,2,0.12,1.33,NA,669257,571970,2,9,Top,3.28,1.61,NA,NA,NA,96.2,2314,75,7,4-Seam Fastball,2,5,5,2
2024-03-20,90.7,-2.09,6.01,"Glasnow, Tyler",595777,607192,NA,ball,12,L,R,SD,LAD,B,NA,NA,1,1,0.18,4.23,NA,NA,NA,2,2,Bot,3.29,1.61,NA,NA,NA,91.2,2707,14,3,Slider,0,0,0,0
2024-03-20,91.1,-2.22,6.01,"Glasnow, Tyler",595777,607192,NA,foul,9,L,R,SD,LAD,S,NA,NA,1,0,0.57,1.89,NA,NA,NA,2,2,Bot,3.29,1.61,NA,NA,NA,92,2639,14,2,Slider,0,0,0,0
2024-03-20,84.7,-1.93,5.77,"Darvish, Yu",606192,506433,NA,called_strike,8,R,R,SD,LAD,S,NA,NA,0,0,0.24,1.59,NA,NA,571970,0,2,Top,3.42,1.59,NA,NA,NA,83.3,2783,9,1,Slider,0,0,0,0
2024-03-20,85,-0.81,5.61,"Estrada, Jeremiah",571771,669093,NA,foul,13,R,R,SD,LAD,S,NA,NA,3,2,-0.2,1.38,NA,669257,571970,2,9,Top,3.28,1.61,NA,NA,NA,84.3,2010,75,6,Slider,2,5,5,2
2024-03-20,87.4,-0.72,5.64,"Estrada, Jeremiah",571771,669093,NA,swinging_strike,6,R,R,SD,LAD,S,NA,NA,3,1,0.31,2.16,NA,669257,571970,2,9,Top,3.28,1.61,NA,NA,NA,86.9,2213,75,5,Slider,2,5,5,2
2024-03-20,97.2,-1.85,6.13,"Glasnow, Tyler",595777,607192,NA,ball,11,L,R,SD,LAD,B,NA,NA,0,0,-0.53,4.62,NA,NA,NA,2,2,Bot,3.29,1.61,NA,NA,NA,98.8,2577,14,1,4-Seam Fastball,0,0,0,0
2024-03-20,93.9,-2.26,5.46,"Darvish, Yu",571970,506433,single,hit_into_play,13,L,R,SD,LAD,X,8,line_drive,3,2,-1.03,1.72,NA,NA,NA,0,2,Top,3.15,1.57,220,76.6,19,93.3,2388,8,6,Sinker,0,0,0,0
2024-03-20,72.4,-1.8,5.68,"Darvish, Yu",571970,506433,NA,ball,11,L,R,SD,LAD,B,NA,NA,2,2,-1.23,4,NA,NA,NA,0,2,Top,3.15,1.57,NA,NA,NA,70.6,2655,8,5,Curveball,0,0,0,0
2024-03-20,94.5,1.55,6.05,"Peralta, Wandy",571970,593974,walk,blocked_ball,13,L,L,SD,LAD,B,NA,NA,3,2,-0.06,0.31,NA,NA,NA,0,8,Top,3.15,1.57,NA,NA,NA,92.4,2180,59,6,Sinker,2,1,1,2
2024-03-20,89,-2.79,5.54,"Hudson, Daniel",701538,543339,field_out,hit_into_play,8,L,R,SD,LAD,X,4,ground_ball,1,0,0.17,1.53,NA,NA,642180,2,7,Bot,3.49,1.6,42,95.3,1,88,2473,58,2,Slider,2,1,2,1
2024-03-20,88.5,-0.54,5.65,"Estrada, Jeremiah",571771,669093,NA,blocked_ball,14,R,R,SD,LAD,B,NA,NA,2,1,1.02,0.06,NA,669257,571970,2,9,Top,3.28,1.61,NA,NA,NA,87.7,2199,75,4,Slider,2,5,5,2
2024-03-20,91.8,-1.91,6.14,"Glasnow, Tyler",673490,607192,field_out,hit_into_play,14,R,R,SD,LAD,X,9,line_drive,2,2,0.87,2.06,NA,NA,NA,1,2,Bot,3.36,1.54,286,80.9,24,92.2,2706,13,5,Slider,0,0,0,0
2024-03-20,94.8,1.53,6.17,"Peralta, Wandy",571970,593974,NA,foul,6,L,L,SD,LAD,S,NA,NA,2,1,0.45,2.21,NA,NA,NA,0,8,Top,3.15,1.57,10,83.1,-17,92.3,2200,59,4,Sinker,2,1,1,2
2024-03-20,82,-0.48,5.66,"Estrada, Jeremiah",571771,669093,NA,ball,13,R,R,SD,LAD,B,NA,NA,1,1,-0.07,1.09,NA,669257,571970,2,9,Top,3.28,1.61,NA,NA,NA,81.8,1276,75,3,Split-Finger,2,5,5,2
2024-03-20,93.8,-2.03,5.73,"Darvish, Yu",571970,506433,NA,ball,14,L,R,SD,LAD,B,NA,NA,1,2,1.94,0.11,NA,NA,NA,0,2,Top,3.15,1.57,NA,NA,NA,92.5,2252,8,4,Sinker,0,0,0,0
2024-03-20,89.1,-2.89,5.5,"Hudson, Daniel",701538,543339,NA,blocked_ball,14,L,R,SD,LAD,B,NA,NA,0,0,1.34,-0.26,NA,NA,642180,2,7,Bot,3.49,1.6,NA,NA,NA,87.9,2377,58,1,Slider,2,1,2,1
2024-03-20,92.1,-2.11,6.02,"Glasnow, Tyler",673490,607192,NA,called_strike,3,R,R,SD,LAD,S,NA,NA,2,1,0.4,2.9,NA,NA,NA,1,2,Bot,3.36,1.54,NA,NA,NA,93.5,2664,13,4,Slider,0,0,0,0
2024-03-20,95.3,-3.04,5.42,"Hudson, Daniel",642180,543339,single,hit_into_play,5,L,R,SD,LAD,X,8,line_drive,3,2,0.19,2.64,NA,NA,NA,2,7,Bot,3.28,1.49,176,96,10,93.2,2407,57,7,4-Seam Fastball,2,1,2,1
2024-03-20,96.6,-1.81,6.09,"Glasnow, Tyler",673490,607192,NA,foul_tip,2,R,R,SD,LAD,S,NA,NA,2,0,0.09,3.21,NA,NA,NA,1,2,Bot,3.36,1.54,NA,NA,NA,98.2,2592,13,3,4-Seam Fastball,0,0,0,0
2024-03-20,88,1.88,5.71,"Peralta, Wandy",571970,593974,NA,ball,14,L,L,SD,LAD,B,NA,NA,1,1,1.18,0.88,NA,NA,NA,0,8,Top,3.15,1.57,NA,NA,NA,85.6,2176,59,3,Changeup,2,1,1,2
2024-03-20,72.2,-1.72,5.7,"Darvish, Yu",571970,506433,NA,ball,14,L,R,SD,LAD,B,NA,NA,0,2,0.4,0.52,NA,NA,NA,0,2,Top,3.15,1.57,NA,NA,NA,71.1,2645,8,3,Curveball,0,0,0,0
2024-03-20,96.3,-0.4,5.91,"Estrada, Jeremiah",571771,669093,NA,foul,8,R,R,SD,LAD,S,NA,NA,1,0,0.17,1.98,NA,669257,571970,2,9,Top,3.28,1.61,NA,73.7,54,NA,2202,75,2,4-Seam Fastball,2,5,5,2
2024-03-20,96.4,-0.39,5.96,"Estrada, Jeremiah",571771,669093,NA,ball,13,R,R,SD,LAD,B,NA,NA,0,0,-0.21,1.33,NA,669257,571970,2,9,Top,3.28,1.61,NA,NA,NA,94.9,2253,75,1,4-Seam Fastball,2,5,5,2
2024-03-20,87.6,-2.88,5.59,"Hudson, Daniel",642180,543339,NA,foul,14,L,R,SD,LAD,S,NA,NA,3,2,1,1.99,NA,NA,NA,2,7,Bot,3.28,1.49,24,95.2,-3,86.3,2391,57,6,Slider,2,1,2,1
2024-03-20,96.3,-1.93,6.01,"Glasnow, Tyler",673490,607192,NA,ball,9,R,R,SD,LAD,B,NA,NA,1,0,0.61,1.6,NA,NA,NA,1,2,Bot,3.36,1.54,NA,NA,NA,97.5,2536,13,2,Sinker,0,0,0,0
2024-03-20,86.8,1.95,5.65,"Peralta, Wandy",571970,593974,NA,ball,14,L,L,SD,LAD,B,NA,NA,0,1,0.99,0.52,NA,NA,NA,0,8,Top,3.15,1.57,NA,NA,NA,84.5,2165,59,2,Changeup,2,1,1,2
2024-03-20,72.3,-1.75,5.82,"Darvish, Yu",571970,506433,NA,swinging_strike,4,L,R,SD,LAD,S,NA,NA,0,1,-0.52,2.06,NA,NA,NA,0,2,Top,3.15,1.57,NA,NA,NA,71.4,2641,8,2,Curveball,0,0,0,0
2024-03-20,86.7,1.72,5.95,"Peralta, Wandy",571970,593974,NA,called_strike,6,L,L,SD,LAD,S,NA,NA,0,0,0.63,2.08,NA,NA,NA,0,8,Top,3.15,1.57,NA,NA,NA,85.2,2103,59,1,Slider,2,1,1,2
2024-03-20,96.2,-1.89,6.08,"Glasnow, Tyler",673490,607192,NA,ball,11,R,R,SD,LAD,B,NA,NA,0,0,-1.05,3.39,NA,NA,NA,1,2,Bot,3.36,1.54,NA,NA,NA,98,2550,13,1,4-Seam Fastball,0,0,0,0
2024-03-20,93.5,-2.04,5.8,"Darvish, Yu",571970,506433,NA,called_strike,1,L,R,SD,LAD,S,NA,NA,0,0,-0.72,2.75,NA,NA,NA,0,2,Top,3.15,1.57,NA,NA,NA,93.2,2355,8,1,4-Seam Fastball,0,0,0,0
2024-03-20,96.1,-2.93,5.4,"Hudson, Daniel",642180,543339,NA,ball,12,L,R,SD,LAD,B,NA,NA,2,2,1.13,2.57,NA,NA,NA,2,7,Bot,3.28,1.49,NA,NA,NA,94,2417,57,5,4-Seam Fastball,2,1,2,1
2024-03-20,95.9,-0.33,5.84,"Estrada, Jeremiah",681546,669093,field_out,hit_into_play,3,L,R,SD,LAD,X,8,fly_ball,0,1,0.3,2.88,NA,669257,571970,1,9,Top,3.41,1.66,256,87.4,44,95.1,2161,74,2,4-Seam Fastball,2,5,5,2
2024-03-20,96.7,-1.75,6.1,"Glasnow, Tyler",592518,607192,field_out,hit_into_play,6,R,R,SD,LAD,X,6,ground_ball,0,0,0.48,2.71,NA,NA,NA,0,2,Bot,3.65,1.7,3,86.3,-38,98.6,2625,12,1,4-Seam Fastball,0,0,0,0
2024-03-20,95.2,0.07,6.23,"Peralta, Wandy",669257,593974,strikeout,swinging_strike,11,R,L,SD,LAD,S,2,NA,1,2,-0.11,4.07,NA,NA,518692,2,7,Top,3.32,1.55,NA,NA,NA,92.8,2231,54,4,4-Seam Fastball,2,1,1,2
2024-03-20,94.5,-1.91,5.67,"Darvish, Yu",669257,506433,field_out,hit_into_play,5,R,R,SD,LAD,X,7,fly_ball,1,0,-0.07,2.37,NA,NA,660271,2,1,Top,3.32,1.55,310,86.6,33,93.4,2385,4,2,4-Seam Fastball,0,0,0,0
2024-03-20,87.5,-2.84,5.62,"Hudson, Daniel",642180,543339,NA,ball,13,L,R,SD,LAD,B,NA,NA,1,2,-0.21,1.1,NA,NA,NA,2,7,Bot,3.28,1.49,NA,NA,NA,86,2453,57,4,Slider,2,1,2,1
2024-03-20,84.7,-0.59,5.72,"Estrada, Jeremiah",681546,669093,NA,foul,5,L,R,SD,LAD,S,NA,NA,0,0,0.21,2.43,NA,669257,571970,1,9,Top,3.41,1.66,197,72.2,26,84.2,2195,74,1,Slider,2,5,5,2
2024-03-20,91.3,2.53,5.03,"Cosgrove, Tom",518692,676680,hit_by_pitch,hit_by_pitch,12,L,L,SD,LAD,B,NA,NA,1,2,1.92,3.34,NA,NA,660271,1,5,Top,3.63,1.83,NA,NA,NA,89.7,2250,38,4,Sinker,2,1,1,2
2024-03-20,92.2,-1.9,6.06,"Glasnow, Tyler",630105,607192,strikeout,swinging_strike,14,L,R,SD,LAD,S,2,NA,2,2,1.22,1.2,NA,NA,NA,2,1,Bot,3.26,1.55,NA,NA,NA,92.3,2659,7,6,Slider,0,0,0,0
2024-03-20,91.7,2.68,4.93,"Cosgrove, Tom",518692,676680,NA,foul,8,L,L,SD,LAD,S,NA,NA,1,1,-0.15,2.1,NA,NA,660271,1,5,Top,3.63,1.83,119,76.5,14,89.9,2409,38,3,4-Seam Fastball,2,1,1,2
2024-03-20,88.4,-2.9,5.52,"Hudson, Daniel",642180,543339,NA,swinging_strike,14,L,R,SD,LAD,S,NA,NA,1,1,0.64,0.73,NA,NA,NA,2,7,Bot,3.28,1.49,NA,NA,NA,87.2,2485,57,3,Slider,2,1,2,1
2024-03-20,95.4,-1.89,5.78,"Darvish, Yu",669257,506433,NA,ball,14,R,R,SD,LAD,B,NA,NA,0,0,0.95,1.63,NA,NA,660271,2,1,Top,3.32,1.55,NA,NA,NA,94,2460,4,1,4-Seam Fastball,0,0,0,0
2024-03-20,94.5,0.15,6.15,"Peralta, Wandy",669257,593974,NA,ball,11,R,L,SD,LAD,B,NA,NA,0,2,-0.56,4.13,NA,NA,518692,2,7,Top,3.32,1.55,NA,NA,NA,92,2198,54,3,4-Seam Fastball,2,1,1,2
2024-03-20,84.2,-0.69,5.59,"Estrada, Jeremiah",606192,669093,strikeout,swinging_strike,13,R,R,SD,LAD,S,2,NA,1,2,-1.13,1.15,NA,669257,571970,0,9,Top,3.42,1.59,NA,NA,NA,83.7,1237,73,4,Split-Finger,2,5,5,2
2024-03-20,97.4,-1.77,6.08,"Glasnow, Tyler",630105,607192,NA,foul,11,L,R,SD,LAD,S,NA,NA,2,2,-0.91,2.45,NA,NA,NA,2,1,Bot,3.26,1.55,NA,NA,NA,98.7,2567,7,5,4-Seam Fastball,0,0,0,0
2024-03-20,95.3,-3.1,5.39,"Hudson, Daniel",642180,543339,NA,called_strike,8,L,R,SD,LAD,S,NA,NA,1,0,-0.1,1.89,NA,NA,NA,2,7,Bot,3.28,1.49,NA,NA,NA,93.1,2455,57,2,4-Seam Fastball,2,1,2,1
2024-03-20,87.6,0.43,5.72,"Peralta, Wandy",669257,593974,NA,foul_tip,12,R,L,SD,LAD,S,NA,NA,0,1,1.56,2.51,NA,NA,518692,2,7,Top,3.32,1.55,NA,NA,NA,85.3,2155,54,2,Changeup,2,1,1,2
2024-03-20,77.8,2.77,4.81,"Cosgrove, Tom",518692,676680,NA,ball,13,L,L,SD,LAD,B,NA,NA,0,1,-1.79,2.3,NA,NA,660271,1,5,Top,3.63,1.83,NA,NA,NA,74.5,2689,38,2,Sweeper,2,1,1,2
2024-03-20,84,-0.5,5.62,"Estrada, Jeremiah",606192,669093,NA,blocked_ball,13,R,R,SD,LAD,B,NA,NA,0,2,-0.66,0.38,NA,669257,571970,0,9,Top,3.42,1.59,NA,NA,NA,84.1,1298,73,3,Split-Finger,2,5,5,2
2024-03-20,95.8,-1.86,5.37,"Phillips, Evan",669134,623465,field_out,hit_into_play,7,R,R,SD,LAD,X,4,ground_ball,1,1,-0.48,1.79,NA,NA,NA,2,9,Bot,3.38,1.58,2,61.6,-42,94.2,2152,79,3,Sinker,2,5,2,5
2024-03-20,95.4,-2.11,5.61,"Darvish, Yu",518692,506433,strikeout,called_strike,9,L,R,SD,LAD,S,2,NA,1,2,0.33,2.22,NA,NA,660271,1,1,Top,3.63,1.83,NA,NA,NA,94.1,2272,3,4,Sinker,0,0,0,0
2024-03-20,96.2,-3.13,5.36,"Hudson, Daniel",642180,543339,NA,ball,11,L,R,SD,LAD,B,NA,NA,0,0,-1.26,2.73,NA,NA,NA,2,7,Bot,3.28,1.49,NA,NA,NA,94.5,2412,57,1,4-Seam Fastball,2,1,2,1
2024-03-20,86.6,-0.5,5.71,"Estrada, Jeremiah",606192,669093,NA,foul,7,R,R,SD,LAD,S,NA,NA,0,1,-0.44,1.61,NA,669257,571970,0,9,Top,3.42,1.59,NA,NA,NA,86.1,2323,73,2,Slider,2,5,5,2
2024-03-20,83.9,-2.27,5.34,"De Los Santos, Enyel",606192,660853,field_out,hit_into_play,4,R,R,SD,LAD,X,8,fly_ball,2,1,-0.44,2.78,NA,NA,NA,0,6,Top,3.42,1.59,313,105.3,45,82.2,2217,44,4,Slider,2,1,1,2
2024-03-20,80.2,2.84,4.84,"Cosgrove, Tom",518692,676680,NA,called_strike,1,L,L,SD,LAD,S,NA,NA,0,0,-0.34,3.2,NA,NA,660271,1,5,Top,3.63,1.83,NA,NA,NA,77.1,2560,38,1,Sweeper,2,1,1,2
2024-03-20,85.8,-1.8,6.22,"Glasnow, Tyler",630105,607192,NA,ball,14,L,R,SD,LAD,B,NA,NA,1,2,0.76,-1.24,NA,NA,NA,2,1,Bot,3.26,1.55,NA,NA,NA,85.9,2736,7,4,Curveball,0,0,0,0
2024-03-20,84.4,-1.14,5.81,"Brasier, Ryan",673490,518489,field_out,hit_into_play,9,R,R,SD,LAD,X,4,ground_ball,1,2,0.46,1.65,NA,NA,NA,2,6,Bot,3.36,1.54,5,92.6,-17,83.6,2433,50,4,Slider,2,1,2,1
2024-03-20,95.4,-1.86,5.74,"Darvish, Yu",518692,506433,NA,ball,14,L,R,SD,LAD,B,NA,NA,0,2,1.03,2.13,NA,NA,660271,1,1,Top,3.63,1.83,NA,NA,NA,93.6,2305,3,3,4-Seam Fastball,0,0,0,0
2024-03-20,87.4,0.66,5.72,"Peralta, Wandy",669257,593974,NA,called_strike,7,R,L,SD,LAD,S,NA,NA,0,0,-0.4,1.61,NA,NA,518692,2,7,Top,3.32,1.55,NA,NA,NA,85,2149,54,1,Changeup,2,1,1,2
2024-03-20,91.6,2.14,6.12,"Matsui, Yuki",666158,673513,field_out,hit_into_play,4,L,L,SD,LAD,X,7,fly_ball,2,1,-0.43,2.26,NA,NA,681546,2,6,Top,3.35,1.63,341,94.2,27,90.2,2362,47,4,4-Seam Fastball,2,1,1,2
2024-03-20,95,-1.88,5.4,"Phillips, Evan",669134,623465,NA,foul,3,R,R,SD,LAD,S,NA,NA,1,0,0.38,2.9,NA,NA,NA,2,9,Bot,3.38,1.58,NA,84.1,72,NA,2325,79,2,4-Seam Fastball,2,5,2,5
2024-03-20,96.5,2.48,5.99,"Morejon, Adrian",518692,670970,double_play,hit_into_play,5,L,L,SD,LAD,X,9,fly_ball,2,2,0,3.03,NA,605141,660271,1,8,Top,3.63,1.83,352,104.2,23,94.6,2495,66,6,4-Seam Fastball,2,5,5,2
2024-03-20,83.1,-1.97,5.28,"Phillips, Evan",669134,623465,NA,ball,1,R,R,SD,LAD,B,NA,NA,0,0,-0.77,3.26,NA,NA,NA,2,9,Bot,3.38,1.58,NA,NA,NA,81,2516,79,1,Sweeper,2,5,2,5
2024-03-20,91.4,2.11,6.09,"Matsui, Yuki",666158,673513,NA,blocked_ball,13,L,L,SD,LAD,B,NA,NA,1,1,-0.71,0.53,NA,NA,681546,2,6,Top,3.35,1.63,NA,NA,NA,88.7,2360,47,3,4-Seam Fastball,2,1,1,2
2024-03-20,91.7,2.48,5,"Cosgrove, Tom",660271,676680,force_out,hit_into_play,14,L,L,SD,LAD,X,5,ground_ball,1,0,0.86,2.47,NA,NA,605141,0,5,Top,3.48,1.61,11,89.5,-12,89.7,2312,37,2,Sinker,2,1,1,2
2024-03-20,93.5,-1.79,5.68,"Brasier, Ryan",673490,518489,NA,foul_tip,7,R,R,SD,LAD,S,NA,NA,1,1,-0.74,2,NA,NA,NA,2,6,Bot,3.36,1.54,NA,NA,NA,92.8,2230,50,3,Sinker,2,1,2,1
2024-03-20,73.4,-1.52,5.74,"Darvish, Yu",518692,506433,NA,foul_tip,8,L,R,SD,LAD,S,NA,NA,0,1,-0.27,1.84,NA,NA,660271,1,1,Top,3.63,1.83,NA,NA,NA,72.6,2542,3,2,Curveball,0,0,0,0
2024-03-20,86.7,-1.7,6.21,"Glasnow, Tyler",630105,607192,NA,ball,14,L,R,SD,LAD,B,NA,NA,0,2,0.39,-0.08,NA,NA,NA,2,1,Bot,3.26,1.55,NA,NA,NA,86.2,2903,7,3,Curveball,0,0,0,0
2024-03-20,82.5,2.96,5.82,"Morejon, Adrian",518692,670970,NA,foul,7,L,L,SD,LAD,S,NA,NA,2,2,-0.46,2.16,NA,605141,660271,1,8,Top,3.63,1.83,13,74.6,-10,79.8,2771,66,5,Sweeper,2,5,5,2
2024-03-20,86.1,-0.75,5.71,"Estrada, Jeremiah",606192,669093,NA,foul,4,R,R,SD,LAD,S,NA,NA,0,0,-0.6,2.71,NA,669257,571970,0,9,Top,3.42,1.59,NA,NA,NA,85.5,2067,73,1,Slider,2,5,5,2
2024-03-20,94.6,-2.09,5.35,"De Los Santos, Enyel",606192,660853,NA,ball,12,R,R,SD,LAD,B,NA,NA,1,1,0.26,4.08,NA,NA,NA,0,6,Top,3.42,1.59,NA,NA,NA,92.6,2138,44,3,4-Seam Fastball,2,1,1,2
2024-03-20,94.9,1.42,6.25,"Peralta, Wandy",518692,593974,NA,ball,12,L,L,SD,LAD,B,NA,NA,2,1,1.22,2.94,NA,NA,NA,2,7,Top,3.63,1.83,NA,NA,NA,92.5,2110,53,4,Sinker,2,1,1,2
2024-03-20,95.8,-3.03,5.47,"Hudson, Daniel",669134,543339,field_out,hit_into_play,7,R,R,SD,LAD,X,9,fly_ball,0,1,-0.48,1.89,NA,NA,NA,1,7,Bot,3.38,1.58,265,82.3,41,94.1,2392,56,2,Sinker,2,1,2,1
2024-03-20,95.3,1.64,6.16,"Peralta, Wandy",518692,593974,NA,foul,14,L,L,SD,LAD,S,NA,NA,2,0,1.22,2.23,NA,NA,NA,2,7,Top,3.63,1.83,NA,NA,NA,92.1,2319,53,3,Sinker,2,1,1,2
2024-03-20,84.2,2.41,6,"Matsui, Yuki",666158,673513,NA,ball,14,L,L,SD,LAD,B,NA,NA,0,1,1.33,1.6,NA,NA,681546,2,6,Top,3.35,1.63,NA,NA,NA,81.4,754,47,2,Split-Finger,2,1,1,2
2024-03-20,88.7,-2.82,5.64,"Hudson, Daniel",669134,543339,NA,called_strike,14,R,R,SD,LAD,S,NA,NA,0,0,0.86,1.9,NA,NA,NA,1,7,Bot,3.38,1.58,NA,NA,NA,87.5,2592,56,1,Slider,2,1,2,1
2024-03-20,94.8,-2.09,5.4,"De Los Santos, Enyel",606192,660853,NA,ball,12,R,R,SD,LAD,B,NA,NA,0,1,1.15,3.12,NA,NA,NA,0,6,Top,3.42,1.59,NA,NA,NA,92.8,2113,44,2,4-Seam Fastball,2,1,1,2
2024-03-20,96.7,2.65,5.93,"Morejon, Adrian",518692,670970,NA,foul,12,L,L,SD,LAD,S,NA,NA,2,1,1.3,3.34,NA,605141,660271,1,8,Top,3.63,1.83,6,69.6,-26,94.6,2561,66,4,Sinker,2,5,5,2
2024-03-20,96.5,-0.48,5.97,"Estrada, Jeremiah",571970,669093,walk,ball,11,L,R,SD,LAD,B,NA,NA,3,1,-0.19,4.24,NA,NA,669257,0,9,Top,3.15,1.57,NA,NA,NA,95.3,1996,72,5,4-Seam Fastball,2,5,5,2
2024-03-20,98.3,-1.6,6.16,"Glasnow, Tyler",630105,607192,NA,called_strike,4,L,R,SD,LAD,S,NA,NA,0,1,-0.43,2.17,NA,NA,NA,2,1,Bot,3.26,1.55,NA,NA,NA,99.5,2629,7,2,4-Seam Fastball,0,0,0,0
2024-03-20,84.7,-2.09,5.31,"Phillips, Evan",688363,623465,strikeout,foul_tip,14,L,R,SD,LAD,S,2,NA,1,2,0.54,1.21,NA,NA,NA,1,9,Bot,3.41,1.56,NA,NA,NA,81.9,2432,78,5,Sweeper,2,5,2,5
2024-03-20,95,-2.03,5.64,"Darvish, Yu",518692,506433,NA,called_strike,9,L,R,SD,LAD,S,NA,NA,0,0,0.62,2.32,NA,NA,660271,1,1,Top,3.63,1.83,NA,NA,NA,93.7,2293,3,1,Sinker,0,0,0,0
2024-03-20,92,2.91,4.95,"Cosgrove, Tom",660271,676680,NA,ball,14,L,L,SD,LAD,B,NA,NA,0,0,2.17,2.54,NA,NA,605141,0,5,Top,3.48,1.61,NA,NA,NA,89.8,2255,37,1,Sinker,2,1,1,2
2024-03-20,85.2,-1.47,5.95,"Brito, Jhony",571771,666745,sac_fly,hit_into_play,6,R,R,SD,LAD,X,7,line_drive,0,1,0.48,2.65,571970,606192,681546,0,8,Top,3.28,1.61,323,97,21,83.4,2234,62,2,Slider,2,1,1,2
2024-03-20,84.3,-1.32,5.82,"Brasier, Ryan",673490,518489,NA,called_strike,9,R,R,SD,LAD,S,NA,NA,1,0,0.6,1.71,NA,NA,NA,2,6,Bot,3.36,1.54,NA,NA,NA,83.6,2458,50,2,Slider,2,1,2,1
2024-03-20,84.5,-0.73,5.63,"Estrada, Jeremiah",571970,669093,NA,blocked_ball,13,L,R,SD,LAD,B,NA,NA,2,1,-0.11,0.51,NA,NA,669257,0,9,Top,3.15,1.57,NA,NA,NA,84.1,1179,72,4,Split-Finger,2,5,5,2
2024-03-20,78.4,2.25,6.09,"Matsui, Yuki",666158,673513,NA,called_strike,5,L,L,SD,LAD,S,NA,NA,0,0,0.14,2.69,NA,NA,681546,2,6,Top,3.35,1.63,NA,NA,NA,75.4,2809,47,1,Sweeper,2,1,1,2
2024-03-20,78.6,2.85,4.86,"Cosgrove, Tom",605141,676680,single,hit_into_play,6,R,L,SD,LAD,X,8,line_drive,0,2,0.51,2.46,NA,NA,NA,0,5,Top,3.11,1.5,216,90.6,13,75.7,2691,36,5,Sweeper,2,1,1,2
2024-03-20,98,-1.76,6.05,"Glasnow, Tyler",630105,607192,NA,called_strike,1,L,R,SD,LAD,S,NA,NA,0,0,-0.44,3.01,NA,NA,NA,2,1,Bot,3.26,1.55,NA,NA,NA,99.9,2521,7,1,4-Seam Fastball,0,0,0,0
2024-03-20,86.1,-2.12,5.28,"De Los Santos, Enyel",606192,660853,NA,foul,8,R,R,SD,LAD,S,NA,NA,0,0,0.07,1.98,NA,NA,NA,0,6,Top,3.42,1.59,NA,NA,NA,84.6,2261,44,1,Slider,2,1,1,2
2024-03-20,91.1,-2.05,5.58,"Darvish, Yu",660271,506433,force_out,hit_into_play,4,L,R,SD,LAD,X,6,ground_ball,2,1,-0.8,2.82,NA,NA,605141,0,1,Top,3.48,1.61,11,77.9,-13,90.1,1502,2,4,Split-Finger,0,0,0,0
2024-03-20,97.8,-1.39,6.17,"Brito, Jhony",571771,666745,NA,foul,7,R,R,SD,LAD,S,NA,NA,0,0,-0.29,1.51,571970,606192,681546,0,8,Top,3.28,1.61,NA,NA,NA,96,2186,62,1,Sinker,2,1,1,2
2024-03-20,86.9,-2.92,5.59,"Hudson, Daniel",595777,543339,strikeout,swinging_strike,4,L,R,SD,LAD,S,2,NA,3,2,-0.61,2.16,NA,NA,NA,0,7,Bot,3.29,1.61,NA,NA,NA,86,2538,55,8,Slider,2,1,2,1
2024-03-20,97.5,-1.75,5.26,"Kelly, Joe",592518,523260,field_out,hit_into_play,13,R,R,SD,LAD,X,1,ground_ball,0,0,-1.14,2.37,NA,NA,593428,2,8,Bot,3.65,1.7,22,61.7,-4,95.4,2222,70,1,Sinker,2,5,2,5
2024-03-20,83.3,-1.3,5.8,"Brasier, Ryan",673490,518489,NA,ball,14,R,R,SD,LAD,B,NA,NA,0,0,0.23,0.55,NA,NA,NA,2,6,Bot,3.36,1.54,NA,NA,NA,83.1,2405,50,1,Slider,2,1,2,1
2024-03-20,95.3,-1.97,5.4,"Phillips, Evan",688363,623465,NA,foul,1,L,R,SD,LAD,S,NA,NA,1,2,-0.74,2.98,NA,NA,NA,1,9,Bot,3.41,1.56,NA,74.6,24,NA,2321,78,4,4-Seam Fastball,2,5,2,5
2024-03-20,94.8,1.55,6.16,"Peralta, Wandy",518692,593974,NA,ball,14,L,L,SD,LAD,B,NA,NA,1,0,1.58,2.44,NA,NA,NA,2,7,Top,3.63,1.83,NA,NA,NA,91.4,2329,53,2,Sinker,2,1,1,2
2024-03-20,83.4,3.02,5.82,"Morejon, Adrian",518692,670970,NA,ball,3,L,L,SD,LAD,B,NA,NA,1,1,0.43,3.69,NA,605141,660271,1,8,Top,3.63,1.83,NA,NA,NA,81,2766,66,3,Sweeper,2,5,5,2
2024-03-20,95.5,-3.12,5.36,"Hudson, Daniel",595777,543339,NA,foul,3,L,R,SD,LAD,S,NA,NA,3,2,0.53,2.84,NA,NA,NA,0,7,Bot,3.29,1.61,NA,62.1,47,NA,2368,55,7,4-Seam Fastball,2,1,2,1
2024-03-20,94.4,-1.99,5.43,"De Los Santos, Enyel",571970,660853,strikeout,foul_tip,2,L,R,SD,LAD,S,2,NA,2,2,0.13,3.15,660271,NA,669257,2,5,Top,3.15,1.57,NA,NA,NA,91.9,2173,40,5,4-Seam Fastball,2,1,1,2
2024-03-20,94.7,1.52,6.26,"Peralta, Wandy",518692,593974,NA,ball,13,L,L,SD,LAD,B,NA,NA,0,0,-0.49,1.33,NA,NA,NA,2,7,Top,3.63,1.83,NA,NA,NA,91.6,2274,53,1,Sinker,2,1,1,2
2024-03-20,83.5,-2.23,5.34,"Phillips, Evan",688363,623465,NA,ball,13,L,R,SD,LAD,B,NA,NA,0,2,-0.59,1.4,NA,NA,NA,1,9,Bot,3.41,1.56,NA,NA,NA,81.4,2572,78,3,Sweeper,2,5,2,5
2024-03-20,96.6,-1.69,6.17,"Glasnow, Tyler",665487,607192,field_out,hit_into_play,2,R,R,SD,LAD,X,3,ground_ball,0,0,-0.03,3.69,NA,NA,NA,1,1,Bot,3.71,1.76,6,59.2,-31,98,2509,6,1,4-Seam Fastball,0,0,0,0
2024-03-20,90.7,-2,5.65,"Darvish, Yu",660271,506433,NA,ball,7,L,R,SD,LAD,B,NA,NA,1,1,-0.33,1.74,NA,NA,605141,0,1,Top,3.48,1.61,NA,NA,NA,89.7,1357,2,3,Split-Finger,0,0,0,0
2024-03-20,94.7,-1.77,5.64,"Brasier, Ryan",592518,518489,field_out,hit_into_play,13,R,R,SD,LAD,X,5,ground_ball,2,0,-0.97,2.63,NA,NA,NA,1,6,Bot,3.65,1.7,45,94.3,0,93.5,2395,49,3,4-Seam Fastball,2,1,2,1
2024-03-20,96.6,-0.44,5.94,"Estrada, Jeremiah",571970,669093,NA,foul,12,L,R,SD,LAD,S,NA,NA,2,0,1.07,2.8,NA,NA,669257,0,9,Top,3.15,1.57,NA,75.4,81,NA,2222,72,3,4-Seam Fastball,2,5,5,2
2024-03-20,84.9,2.59,5.92,"Matsui, Yuki",571771,673513,strikeout,swinging_strike,8,R,L,SD,LAD,S,2,NA,0,2,-0.1,1.81,NA,NA,681546,1,6,Top,3.28,1.61,NA,NA,NA,82.3,883,46,3,Split-Finger,2,1,1,2
2024-03-20,89.4,-1.37,6.17,"Brito, Jhony",681546,666745,walk,ball,13,L,R,SD,LAD,B,NA,NA,3,0,-1.17,2.32,NA,571970,606192,0,8,Top,3.41,1.66,NA,NA,NA,88.3,1822,61,4,Changeup,2,1,1,2
2024-03-20,97.2,2.43,6.14,"Morejon, Adrian",518692,670970,NA,ball,12,L,L,SD,LAD,B,NA,NA,0,1,1.79,3.69,NA,605141,660271,1,8,Top,3.63,1.83,NA,NA,NA,95,2569,66,2,4-Seam Fastball,2,5,5,2
2024-03-20,92.5,2.33,5.1,"Cosgrove, Tom",605141,676680,NA,foul,11,R,L,SD,LAD,S,NA,NA,0,2,-0.9,3.18,NA,NA,NA,0,5,Top,3.11,1.5,160,68.3,21,90.6,2438,36,4,4-Seam Fastball,2,1,1,2
2024-03-20,87.4,-1.73,5.58,"Kelly, Joe",630105,523260,field_out,hit_into_play,5,L,R,SD,LAD,X,8,fly_ball,0,0,-0.1,2.31,NA,NA,593428,1,8,Bot,3.26,1.55,384,100.4,25,84.9,2841,69,1,Slider,2,5,2,5
2024-03-20,87.3,-1.35,6.07,"Brito, Jhony",681546,666745,NA,ball,14,L,R,SD,LAD,B,NA,NA,2,0,0.87,1.87,NA,571970,606192,0,8,Top,3.41,1.66,NA,NA,NA,NA,1950,61,3,Slider,2,1,1,2
2024-03-20,93.9,-2.11,5.48,"De Los Santos, Enyel",571970,660853,NA,swinging_strike,2,L,R,SD,LAD,S,NA,NA,2,1,-0.11,3.27,660271,NA,669257,2,5,Top,3.15,1.57,NA,NA,NA,91.8,2153,40,4,4-Seam Fastball,2,1,1,2
2024-03-20,95.6,-3.07,5.41,"Hudson, Daniel",595777,543339,NA,foul,2,L,R,SD,LAD,S,NA,NA,3,2,0.14,3.32,NA,NA,NA,0,7,Bot,3.29,1.61,341,107.6,21,93.7,2459,55,6,4-Seam Fastball,2,1,2,1
2024-03-20,95.8,-0.36,6,"Estrada, Jeremiah",571970,669093,NA,ball,12,L,R,SD,LAD,B,NA,NA,1,0,0.24,3.65,NA,NA,669257,0,9,Top,3.15,1.57,NA,NA,NA,95,2286,72,2,4-Seam Fastball,2,5,5,2
2024-03-20,86.3,1.98,5.92,"Peralta, Wandy",660271,593974,field_out,hit_into_play,9,L,L,SD,LAD,X,1,ground_ball,1,1,0.43,1.78,NA,NA,NA,1,7,Top,3.48,1.61,NA,82.9,-21,83.8,2172,52,3,Changeup,2,1,1,2
2024-03-20,96.9,-1.74,6.05,"Glasnow, Tyler",593428,607192,field_out,hit_into_play,4,R,R,SD,LAD,X,9,fly_ball,3,2,-0.28,2.66,NA,NA,NA,0,1,Bot,3.46,1.58,174,90.9,60,99.3,2501,5,6,4-Seam Fastball,0,0,0,0
2024-03-20,91.3,-2.1,5.61,"Darvish, Yu",660271,506433,NA,foul,8,L,R,SD,LAD,S,NA,NA,1,0,0.05,2.05,NA,NA,605141,0,1,Top,3.48,1.61,NA,NA,NA,90.6,2547,2,2,Cutter,0,0,0,0
2024-03-20,92.1,2.56,5.2,"Cosgrove, Tom",605141,676680,NA,foul,6,R,L,SD,LAD,S,NA,NA,0,2,0.71,2.61,NA,NA,NA,0,5,Top,3.11,1.5,NA,80.8,53,NA,2325,36,3,Sinker,2,1,1,2
2024-03-20,83.3,3.02,5.77,"Morejon, Adrian",518692,670970,NA,foul,14,L,L,SD,LAD,S,NA,NA,0,0,0.17,1.63,NA,605141,660271,1,8,Top,3.63,1.83,1,75.8,-51,80.6,2679,66,1,Sweeper,2,5,5,2
2024-03-20,84.9,-1.53,5.84,"Brasier, Ryan",592518,518489,NA,ball,13,R,R,SD,LAD,B,NA,NA,1,0,-1.14,0.45,NA,NA,NA,1,6,Bot,3.65,1.7,NA,NA,NA,84,2420,49,2,Slider,2,1,2,1
2024-03-20,92.3,-1.98,5.39,"Phillips, Evan",688363,623465,NA,called_strike,1,L,R,SD,LAD,S,NA,NA,0,1,-0.58,3.11,NA,NA,NA,1,9,Bot,3.41,1.56,NA,NA,NA,91.4,2394,78,2,Cutter,2,5,2,5
2024-03-20,84.8,2.42,5.99,"Matsui, Yuki",571771,673513,NA,swinging_strike,14,R,L,SD,LAD,S,NA,NA,0,1,0.73,1.31,NA,NA,681546,1,6,Top,3.28,1.61,NA,NA,NA,82.6,861,46,2,Split-Finger,2,1,1,2
2024-03-20,89.9,-1.75,5.68,"Kelly, Joe",665487,523260,field_out,hit_into_play,8,R,R,SD,LAD,X,9,fly_ball,0,1,0.13,1.97,NA,NA,593428,0,8,Bot,3.71,1.76,288,96.9,45,87.4,2826,68,2,Slider,2,5,2,5
2024-03-20,94.1,1.73,6.34,"Peralta, Wandy",660271,593974,NA,ball,13,L,L,SD,LAD,B,NA,NA,0,1,-0.96,2.35,NA,NA,NA,1,7,Top,3.48,1.61,NA,NA,NA,90.5,2056,52,2,Sinker,2,1,1,2
2024-03-20,95.6,-0.47,5.98,"Estrada, Jeremiah",571970,669093,NA,ball,9,L,R,SD,LAD,B,NA,NA,0,0,0.59,1.56,NA,NA,669257,0,9,Top,3.15,1.57,NA,NA,NA,93.9,2121,72,1,4-Seam Fastball,2,5,5,2
2024-03-20,96,-3.1,5.47,"Hudson, Daniel",595777,543339,NA,ball,12,L,R,SD,LAD,B,NA,NA,2,2,0.94,3.64,NA,NA,NA,0,7,Bot,3.29,1.61,NA,NA,NA,94.1,2373,55,5,4-Seam Fastball,2,1,2,1
2024-03-20,94.5,-1.71,5.82,"Brasier, Ryan",592518,518489,NA,ball,11,R,R,SD,LAD,B,NA,NA,0,0,-0.91,4.06,NA,NA,NA,1,6,Bot,3.65,1.7,NA,NA,NA,93.3,2302,49,1,4-Seam Fastball,2,1,2,1
2024-03-20,95.7,-2.13,5.77,"Darvish, Yu",660271,506433,NA,ball,12,L,R,SD,LAD,B,NA,NA,0,0,1.03,3.62,NA,NA,605141,0,1,Top,3.48,1.61,NA,NA,NA,94.7,2366,2,1,4-Seam Fastball,0,0,0,0
2024-03-20,96.4,-1.85,5.18,"Kelly, Joe",665487,523260,NA,foul,4,R,R,SD,LAD,S,NA,NA,0,0,-0.35,2.84,NA,NA,593428,0,8,Bot,3.71,1.76,NA,NA,NA,94.6,2195,68,1,Sinker,2,5,2,5
2024-03-20,92.9,-1.99,5.4,"De Los Santos, Enyel",571970,660853,NA,ball,12,L,R,SD,LAD,B,NA,NA,1,1,1.51,2.77,660271,NA,669257,2,5,Top,3.15,1.57,NA,NA,NA,91.5,2117,40,3,4-Seam Fastball,2,1,1,2
2024-03-20,98.3,2.57,6.01,"Morejon, Adrian",660271,670970,single,hit_into_play,14,L,L,SD,LAD,X,7,line_drive,0,0,1.17,2.17,NA,666158,605141,1,8,Top,3.48,1.61,215,74.6,22,96,2571,65,1,Sinker,2,4,4,2
2024-03-20,85.8,-1.87,6.14,"Glasnow, Tyler",593428,607192,NA,ball,14,R,R,SD,LAD,B,NA,NA,2,2,1.58,-1.67,NA,NA,NA,0,1,Bot,3.46,1.58,NA,NA,NA,86,2762,5,5,Curveball,0,0,0,0
2024-03-20,89.2,-1.34,6.16,"Brito, Jhony",681546,666745,NA,ball,13,L,R,SD,LAD,B,NA,NA,1,0,-0.93,1.91,NA,571970,606192,0,8,Top,3.41,1.66,NA,NA,NA,88.1,1746,61,2,Changeup,2,1,1,2
2024-03-20,73.8,1.92,6.06,"Matsui, Yuki",571771,673513,NA,called_strike,7,R,L,SD,LAD,S,NA,NA,0,0,-0.29,1.55,NA,NA,681546,1,6,Top,3.28,1.61,NA,NA,NA,71.2,2674,46,1,Curveball,2,1,1,2
2024-03-20,91.2,2.52,5.15,"Cosgrove, Tom",605141,676680,NA,foul,2,R,L,SD,LAD,S,NA,NA,0,1,-0.03,2.89,NA,NA,NA,0,5,Top,3.11,1.5,230,72.7,36,89.6,2299,36,2,4-Seam Fastball,2,1,1,2
2024-03-20,83.9,-2.15,5.23,"Phillips, Evan",688363,623465,NA,called_strike,7,L,R,SD,LAD,S,NA,NA,0,0,-0.46,1.77,NA,NA,NA,1,9,Bot,3.41,1.56,NA,NA,NA,81.8,2609,78,1,Sweeper,2,5,2,5
2024-03-20,86.7,1.87,5.8,"Peralta, Wandy",660271,593974,NA,called_strike,8,L,L,SD,LAD,S,NA,NA,0,0,-0.03,1.64,NA,NA,NA,1,7,Top,3.48,1.61,NA,NA,NA,84,2121,52,1,Changeup,2,1,1,2
2024-03-20,88.7,-2.85,5.67,"Hudson, Daniel",595777,543339,NA,ball,14,L,R,SD,LAD,B,NA,NA,1,2,0.71,0.46,NA,NA,NA,0,7,Bot,3.29,1.61,NA,NA,NA,87.5,2450,55,4,Slider,2,1,2,1
2024-03-20,93.9,-2.17,5.7,"Darvish, Yu",605141,506433,NA,ball,11,R,R,SD,LAD,B,NA,NA,2,1,-2.02,2.9,NA,NA,NA,0,1,Top,3.11,1.5,NA,NA,NA,92.7,2394,1,4,Sinker,0,0,0,0
2024-03-20,85.1,-1.5,5.8,"Brasier, Ryan",630105,518489,strikeout,swinging_strike_blocked,14,L,R,SD,LAD,S,2,NA,1,2,0.7,0.68,NA,NA,NA,0,6,Bot,3.26,1.55,NA,NA,NA,84.9,2513,48,4,Slider,2,1,2,1
2024-03-20,95.8,-0.32,6.02,"Estrada, Jeremiah",669257,669093,single,hit_into_play,8,R,R,SD,LAD,X,9,ground_ball,1,2,-0.17,1.84,NA,NA,NA,0,9,Top,3.32,1.55,47,105.2,0,95.2,2095,71,4,4-Seam Fastball,2,5,5,2
2024-03-20,84.8,-1.89,5.3,"Phillips, Evan",673490,623465,field_out,hit_into_play,14,R,R,SD,LAD,X,9,fly_ball,1,2,1.06,1.82,NA,NA,NA,0,9,Bot,3.36,1.54,299,85.3,28,82.7,2580,77,4,Sweeper,2,5,2,5
2024-03-20,97.3,2.31,6.18,"Morejon, Adrian",605141,670970,single,hit_into_play,1,R,L,SD,LAD,X,7,ground_ball,0,2,-0.77,2.9,NA,681546,666158,1,8,Top,3.11,1.5,41,86,0,95.7,2629,64,3,4-Seam Fastball,2,3,3,2
2024-03-20,78.8,2.81,4.98,"Cosgrove, Tom",605141,676680,NA,called_strike,12,R,L,SD,LAD,S,NA,NA,0,0,0.54,3.26,NA,NA,NA,0,5,Top,3.11,1.5,NA,NA,NA,76.1,2598,36,1,Sweeper,2,1,1,2
2024-03-20,96.8,-1.83,6.08,"Glasnow, Tyler",593428,607192,NA,called_strike,6,R,R,SD,LAD,S,NA,NA,2,1,0.7,2.86,NA,NA,NA,0,1,Bot,3.46,1.58,NA,NA,NA,98.1,2622,5,4,4-Seam Fastball,0,0,0,0
2024-03-20,90.5,-1.57,6.08,"Brito, Jhony",681546,666745,NA,ball,14,L,R,SD,LAD,B,NA,NA,0,0,0.44,1.29,NA,571970,606192,0,8,Top,3.41,1.66,NA,NA,NA,89.3,1663,61,1,Changeup,2,1,1,2
2024-03-20,92.5,2.07,6.12,"Matsui, Yuki",681546,673513,walk,ball,12,L,L,SD,LAD,B,NA,NA,3,1,0.22,3.9,NA,NA,NA,1,6,Top,3.41,1.66,NA,NA,NA,90.4,2381,45,5,4-Seam Fastball,2,1,1,2
2024-03-20,84.6,-2.18,5.4,"De Los Santos, Enyel",571970,660853,NA,ball,14,L,R,SD,LAD,B,NA,NA,0,1,0.76,0.9,660271,NA,669257,2,5,Top,3.15,1.57,NA,NA,NA,83.1,2202,40,2,Slider,2,1,1,2
2024-03-20,99.2,-1.65,5.55,"Kelly, Joe",593428,523260,single,hit_into_play,4,R,R,SD,LAD,X,8,line_drive,1,2,-0.42,2.17,NA,NA,NA,0,8,Bot,3.46,1.58,223,100.3,11,97.2,2220,67,4,4-Seam Fastball,2,5,2,5
2024-03-20,92.7,1.81,6.13,"Matsui, Yuki",681546,673513,NA,ball,11,L,L,SD,LAD,B,NA,NA,1,1,-1.43,3.04,NA,NA,NA,1,6,Top,3.41,1.66,NA,NA,NA,90.6,2332,45,3,4-Seam Fastball,2,1,1,2
2024-03-20,95.6,-1.78,5.72,"Brasier, Ryan",630105,518489,NA,ball,13,L,R,SD,LAD,B,NA,NA,0,2,-0.93,1.7,NA,NA,NA,0,6,Bot,3.26,1.55,NA,NA,NA,93.7,2388,48,3,4-Seam Fastball,2,1,2,1
2024-03-20,85,-1.98,5.33,"Phillips, Evan",673490,623465,NA,ball,14,R,R,SD,LAD,B,NA,NA,0,2,1.98,1.96,NA,NA,NA,0,9,Bot,3.36,1.54,NA,NA,NA,83,2583,77,3,Sweeper,2,5,2,5
2024-03-20,91.7,-2.05,5.97,"Glasnow, Tyler",593428,607192,NA,ball,14,R,R,SD,LAD,B,NA,NA,1,1,1.35,1.74,NA,NA,NA,0,1,Bot,3.46,1.58,NA,NA,NA,92.5,2703,5,3,Slider,0,0,0,0
2024-03-20,97.5,-1.39,6.18,"Brito, Jhony",606192,666745,single,hit_into_play,11,R,R,SD,LAD,X,8,line_drive,1,1,-0.86,2.67,NA,NA,571970,0,8,Top,3.42,1.59,260,90.1,16,95.5,2125,60,3,Sinker,2,1,1,2
2024-03-20,93.4,-2,5.7,"Darvish, Yu",605141,506433,NA,ball,6,R,R,SD,LAD,B,NA,NA,1,1,0.73,2.52,NA,NA,NA,0,1,Top,3.11,1.5,NA,NA,NA,92.7,2325,1,3,Sinker,0,0,0,0
2024-03-20,91.1,2.74,5,"Cosgrove, Tom",666158,676680,field_out,hit_into_play,6,L,L,SD,LAD,X,1,ground_ball,2,0,0.63,2.67,NA,NA,NA,2,4,Top,3.35,1.63,43,56.3,3,89.3,2349,30,3,Sinker,1,1,1,1
2024-03-20,84.9,-0.71,5.75,"Estrada, Jeremiah",669257,669093,NA,foul,5,R,R,SD,LAD,S,NA,NA,1,1,-0.13,2.3,NA,NA,NA,0,9,Top,3.32,1.55,NA,65.6,45,NA,2083,71,3,Slider,2,5,5,2
2024-03-20,87.9,-2.88,5.66,"Hudson, Daniel",595777,543339,NA,ball,14,L,R,SD,LAD,B,NA,NA,0,2,1.14,0.51,NA,NA,NA,0,7,Bot,3.29,1.61,NA,NA,NA,87.2,2426,55,3,Slider,2,1,2,1
2024-03-20,93,-2,5.43,"De Los Santos, Enyel",571970,660853,NA,called_strike,3,L,R,SD,LAD,S,NA,NA,0,0,0.53,3.24,660271,NA,669257,2,5,Top,3.15,1.57,NA,NA,NA,91.4,2018,40,1,4-Seam Fastball,2,1,1,2
2024-03-20,83.8,3.08,5.77,"Morejon, Adrian",605141,670970,NA,foul,7,R,L,SD,LAD,S,NA,NA,0,1,-0.55,1.54,NA,681546,666158,1,8,Top,3.11,1.5,11,95.1,-8,81.1,2722,64,2,Slider,2,3,3,2
2024-03-20,98.1,-1.78,5.35,"Kelly, Joe",593428,523260,NA,foul,1,R,R,SD,LAD,S,NA,NA,1,1,-0.42,3.36,NA,NA,NA,0,8,Bot,3.46,1.58,NA,68.6,33,NA,2192,67,3,Sinker,2,5,2,5
2024-03-20,94.4,0.43,6.1,"Peralta, Wandy",605141,593974,field_out,hit_into_play,5,R,L,SD,LAD,X,8,fly_ball,2,0,0,2.22,NA,NA,NA,0,7,Top,3.11,1.5,361,96.3,28,91.4,2199,51,3,Sinker,2,1,1,2
2024-03-20,97.4,-1.65,5.17,"Kelly, Joe",593428,523260,NA,ball,14,R,R,SD,LAD,B,NA,NA,0,1,2.25,0.61,NA,NA,NA,0,8,Bot,3.46,1.58,NA,NA,NA,95.8,2086,67,2,Sinker,2,5,2,5
2024-03-20,97.3,-1.34,6.24,"Brito, Jhony",606192,666745,NA,foul_tip,5,R,R,SD,LAD,S,NA,NA,1,0,0.03,2.81,NA,NA,571970,0,8,Top,3.42,1.59,NA,NA,NA,95.1,2138,60,2,Sinker,2,1,1,2
2024-03-20,94.2,0.48,6.01,"Peralta, Wandy",605141,593974,NA,ball,14,R,L,SD,LAD,B,NA,NA,1,0,0.46,1.32,NA,NA,NA,0,7,Top,3.11,1.5,NA,NA,NA,92.2,2071,51,2,Sinker,2,1,1,2
2024-03-20,85.5,-2.32,5.41,"De Los Santos, Enyel",669257,660853,force_out,hit_into_play,5,R,R,SD,LAD,X,3,ground_ball,0,1,-0.09,2.17,NA,660271,518692,1,5,Top,3.32,1.55,8,62.5,-15,83.9,2113,39,2,Slider,2,1,1,2
2024-03-20,92.6,-1.94,5.83,"Darvish, Yu",605141,506433,NA,foul,3,R,R,SD,LAD,S,NA,NA,1,0,0.56,3.02,NA,NA,NA,0,1,Top,3.11,1.5,NA,73.5,26,NA,2304,1,2,4-Seam Fastball,0,0,0,0
2024-03-20,77.8,2.88,4.87,"Cosgrove, Tom",666158,676680,NA,ball,11,L,L,SD,LAD,B,NA,NA,1,0,-1.94,2.87,NA,NA,NA,2,4,Top,3.35,1.63,NA,NA,NA,74.8,2574,30,2,Sweeper,1,1,1,1
2024-03-20,86.1,-2.92,5.6,"Hudson, Daniel",595777,543339,NA,swinging_strike,14,L,R,SD,LAD,S,NA,NA,0,1,0.35,0.59,NA,NA,NA,0,7,Bot,3.29,1.61,NA,NA,NA,85.1,2483,55,2,Slider,2,1,2,1
2024-03-20,85.6,-0.7,5.75,"Estrada, Jeremiah",669257,669093,NA,called_strike,7,R,R,SD,LAD,S,NA,NA,1,0,-0.58,1.97,NA,NA,NA,0,9,Top,3.32,1.55,NA,NA,NA,85.7,1971,71,2,Slider,2,5,5,2
2024-03-20,95.1,-1.94,5.69,"Brasier, Ryan",630105,518489,NA,called_strike,1,L,R,SD,LAD,S,NA,NA,0,1,-0.73,2.81,NA,NA,NA,0,6,Bot,3.26,1.55,NA,NA,NA,94.1,2347,48,2,4-Seam Fastball,2,1,2,1
2024-03-20,95.7,-1.88,5.35,"Phillips, Evan",673490,623465,NA,called_strike,5,R,R,SD,LAD,S,NA,NA,0,1,-0.2,2.71,NA,NA,NA,0,9,Bot,3.36,1.54,NA,NA,NA,94.3,2299,77,2,4-Seam Fastball,2,5,2,5
2024-03-20,97.5,2.42,6.14,"Morejon, Adrian",605141,670970,NA,called_strike,4,R,L,SD,LAD,S,NA,NA,0,0,-0.54,2.27,NA,681546,666158,1,8,Top,3.11,1.5,NA,NA,NA,95.8,2569,64,1,Sinker,2,3,3,2
2024-03-20,81,1.95,6.06,"Matsui, Yuki",681546,673513,NA,called_strike,4,L,L,SD,LAD,S,NA,NA,1,0,-0.8,2.21,NA,NA,NA,1,6,Top,3.41,1.66,NA,NA,NA,77.9,2729,45,2,Sweeper,2,1,1,2
2024-03-20,95.4,-1.96,6,"Glasnow, Tyler",593428,607192,NA,called_strike,6,R,R,SD,LAD,S,NA,NA,1,0,0.34,2.33,NA,NA,NA,0,1,Bot,3.46,1.58,NA,NA,NA,96.8,2628,5,2,4-Seam Fastball,0,0,0,0
2024-03-20,95.6,-3.19,5.43,"Hudson, Daniel",595777,543339,NA,swinging_strike,4,L,R,SD,LAD,S,NA,NA,0,0,-0.67,2.58,NA,NA,NA,0,7,Bot,3.29,1.61,NA,NA,NA,93.8,2372,55,1,4-Seam Fastball,2,1,2,1
2024-03-20,88,0.65,5.94,"Peralta, Wandy",605141,593974,NA,ball,7,R,L,SD,LAD,B,NA,NA,0,0,-0.82,1.4,NA,NA,NA,0,7,Top,3.11,1.5,NA,NA,NA,85.7,2146,51,1,Slider,2,1,1,2
2024-03-20,97.6,-1.87,5.34,"Kelly, Joe",593428,523260,NA,called_strike,8,R,R,SD,LAD,S,NA,NA,0,0,0.04,2.09,NA,NA,NA,0,8,Bot,3.46,1.58,NA,NA,NA,95.5,2101,67,1,Sinker,2,5,2,5
2024-03-20,83.5,-1.48,5.99,"Brito, Jhony",606192,666745,NA,ball,14,R,R,SD,LAD,B,NA,NA,0,0,1.52,2.03,NA,NA,571970,0,8,Top,3.42,1.59,NA,NA,NA,81.9,2183,60,1,Sweeper,2,1,1,2
2024-03-20,84,-2.12,5.27,"Phillips, Evan",673490,623465,NA,called_strike,7,R,R,SD,LAD,S,NA,NA,0,0,-0.47,1.65,NA,NA,NA,0,9,Bot,3.36,1.54,NA,NA,NA,82.2,2636,77,1,Sweeper,2,5,2,5
2024-03-20,96.1,2.47,6.06,"Morejon, Adrian",666158,670970,fielders_choice,hit_into_play,6,L,L,SD,LAD,X,3,ground_ball,0,0,0.29,2.24,NA,606192,681546,1,8,Top,3.35,1.63,4,88.9,-28,94.6,2456,63,1,Sinker,2,2,2,2
2024-03-20,95,-1.71,5.7,"Brasier, Ryan",630105,518489,NA,called_strike,7,L,R,SD,LAD,S,NA,NA,0,0,-0.31,1.93,NA,NA,NA,0,6,Bot,3.26,1.55,NA,NA,NA,94.2,2296,48,1,4-Seam Fastball,2,1,2,1
2024-03-20,94.9,-1.74,5.96,"Glasnow, Tyler",593428,607192,NA,ball,14,R,R,SD,LAD,B,NA,NA,0,0,1.3,0.74,NA,NA,NA,0,1,Bot,3.46,1.58,NA,NA,NA,96.6,2620,5,1,4-Seam Fastball,0,0,0,0
2024-03-20,94.5,-1.79,5.83,"Darvish, Yu",605141,506433,NA,ball,12,R,R,SD,LAD,B,NA,NA,0,0,1.4,2.38,NA,NA,NA,0,1,Top,3.11,1.5,NA,NA,NA,94.3,2395,1,1,4-Seam Fastball,0,0,0,0
2024-03-20,94,-2.23,5.53,"De Los Santos, Enyel",669257,660853,NA,called_strike,4,R,R,SD,LAD,S,NA,NA,0,0,-0.81,2.14,NA,660271,518692,1,5,Top,3.32,1.55,NA,NA,NA,92.1,2124,39,1,4-Seam Fastball,2,1,1,2
2024-03-20,78.7,2.83,4.76,"Cosgrove, Tom",666158,676680,NA,ball,14,L,L,SD,LAD,B,NA,NA,0,0,0.12,1.12,NA,NA,NA,2,4,Top,3.35,1.63,NA,NA,NA,76.1,2773,30,1,Sweeper,1,1,1,1
2024-03-20,92.9,1.83,6.21,"Matsui, Yuki",681546,673513,NA,ball,11,L,L,SD,LAD,B,NA,NA,0,0,-0.92,3.15,NA,NA,NA,1,6,Top,3.41,1.66,NA,NA,NA,90.8,2328,45,1,4-Seam Fastball,2,1,1,2
2024-03-20,94.6,-0.42,6.07,"Estrada, Jeremiah",669257,669093,NA,ball,12,R,R,SD,LAD,B,NA,NA,0,0,1.39,4.94,NA,NA,NA,0,9,Top,3.32,1.55,NA,NA,NA,94.1,1888,71,1,4-Seam Fastball,2,5,5,2
